{
 "0": {
  "Scenario": 0,
  "Seed": null,
  "Writing times bandwidths": 1560.0,
  "Active link threshold": 165.0,
  "Bandwidth consumption threshold": 2790.0,
  "Values per timestep": {
   "0": {
    "Selected topology": "RT",
    "Time to write data": 1944.0,
    "Active links": 162,
    "Bandwidths consumption": 3240.0,
    "Deviation": 0
   },
   "1": {
    "Selected topology": "RT",
    "Time to write data": 2640.0,
    "Active links": 165,
    "Bandwidths consumption": 4785.0,
    "Deviation": 0
   },
   "2": {
    "Selected topology": "MST",
    "Time to write data": 3900.0,
    "Active links": 195,
    "Bandwidths consumption": 5070.0,
    "Deviation": 0
   },
   "3": {
    "Selected topology": "MST",
    "Time to write data": 1680.0,
    "Active links": 105,
    "Bandwidths consumption": 3150.0,
    "Deviation": 0
   },
   "4": {
    "Selected topology": "RT",
    "Time to write data": 1380.0,
    "Active links": 69,
    "Bandwidths consumption": 1380.0,
    "Deviation": 0
   },
   "5": {
    "Selected topology": "RT",
    "Time to write data": 1872.0,
    "Active links": 156,
    "Bandwidths consumption": 3900.0,
    "Deviation": 0
   },
   "6": {
    "Selected topology": "RT",
    "Time to write data": 2970.0,
    "Active links": 198,
    "Bandwidths consumption": 4356.0,
    "Deviation": 0
   },
   "7": {
    "Selected topology": "MST",
    "Time to write data": 3840.0,
    "Active links": 240,
    "Bandwidths consumption": 5280.0,
    "Deviation": 0
   },
   "8": {
    "Selected topology": "MST",
    "Time to write data": 810.0,
    "Active links": 45,
    "Bandwidths consumption": 1260.0,
    "Deviation": 0
   },
   "9": {
    "Selected topology": "RT",
    "Time to write data": 1980.0,
    "Active links": 165,
    "Bandwidths consumption": 4785.0,
    "Deviation": 0
   },
   "10": {
    "Selected topology": "MST",
    "Time to write data": 4617.0,
    "Active links": 243,
    "Bandwidths consumption": 5103.0,
    "Deviation": 0
   },
   "11": {
    "Selected topology": "MST",
    "Time to write data": 1584.0,
    "Active links": 132,
    "Bandwidths consumption": 3300.0,
    "Deviation": 0
   },
   "12": {
    "Selected topology": "RT",
    "Time to write data": 1938.0,
    "Active links": 102,
    "Bandwidths consumption": 2856.0,
    "Deviation": 0
   },
   "13": {
    "Selected topology": "RT",
    "Time to write data": 3834.0,
    "Active links": 213,
    "Bandwidths consumption": 5112.0,
    "Deviation": 0
   },
   "14": {
    "Selected topology": "MST",
    "Time to write data": 2130.0,
    "Active links": 213,
    "Bandwidths consumption": 4473.0,
    "Deviation": 0
   },
   "15": {
    "Selected topology": "MST",
    "Time to write data": 1620.0,
    "Active links": 90,
    "Bandwidths consumption": 2700.0,
    "Deviation": 0
   },
   "16": {
    "Selected topology": "RT",
    "Time to write data": 504.0,
    "Active links": 42,
    "Bandwidths consumption": 1260.0,
    "Deviation": 0
   },
   "17": {
    "Selected topology": "RT",
    "Time to write data": 3417.0,
    "Active links": 201,
    "Bandwidths consumption": 4221.0,
    "Deviation": 0
   },
   "18": {
    "Selected topology": "MST",
    "Time to write data": 2013.0,
    "Active links": 183,
    "Bandwidths consumption": 3843.0,
    "Deviation": 0
   },
   "19": {
    "Selected topology": "MST",
    "Time to write data": 3300.0,
    "Active links": 165,
    "Bandwidths consumption": 3960.0,
    "Deviation": 0
   },
   "20": {
    "Selected topology": "MST",
    "Time to write data": 2940.0,
    "Active links": 147,
    "Bandwidths consumption": 4263.0,
    "Deviation": 0
   },
   "21": {
    "Selected topology": "RT",
    "Time to write data": 1980.0,
    "Active links": 132,
    "Bandwidths consumption": 3432.0,
    "Deviation": 0
   },
   "22": {
    "Selected topology": "RT",
    "Time to write data": 2016.0,
    "Active links": 168,
    "Bandwidths consumption": 4200.0,
    "Deviation": 0
   },
   "23": {
    "Selected topology": "MST",
    "Time to write data": 2301.0,
    "Active links": 177,
    "Bandwidths consumption": 4779.0,
    "Deviation": 0
   },
   "24": {
    "Selected topology": "MST",
    "Time to write data": 912.0,
    "Active links": 48,
    "Bandwidths consumption": 1440.0,
    "Deviation": 0
   },
   "25": {
    "Selected topology": "RT",
    "Time to write data": 1995.0,
    "Active links": 105,
    "Bandwidths consumption": 2730.0,
    "Deviation": 0
   },
   "26": {
    "Selected topology": "RT",
    "Time to write data": 3840.0,
    "Active links": 192,
    "Bandwidths consumption": 4224.0,
    "Deviation": 0
   },
   "27": {
    "Selected topology": "MST",
    "Time to write data": 4620.0,
    "Active links": 231,
    "Bandwidths consumption": 6699.0,
    "Deviation": 0
   },
   "28": {
    "Selected topology": "MST",
    "Time to write data": 1848.0,
    "Active links": 132,
    "Bandwidths consumption": 3828.0,
    "Deviation": 0
   },
   "29": {
    "Selected topology": "RT",
    "Time to write data": 2520.0,
    "Active links": 126,
    "Bandwidths consumption": 2772.0,
    "Deviation": 0
   },
   "30": {
    "Selected topology": "RT",
    "Time to write data": 2628.0,
    "Active links": 219,
    "Bandwidths consumption": 6351.0,
    "Deviation": 0
   },
   "31": {
    "Selected topology": "MST",
    "Time to write data": 3024.0,
    "Active links": 168,
    "Bandwidths consumption": 3696.0,
    "Deviation": 0
   },
   "32": {
    "Selected topology": "MST",
    "Time to write data": 840.0,
    "Active links": 60,
    "Bandwidths consumption": 1260.0,
    "Deviation": 0
   },
   "33": {
    "Selected topology": "RT",
    "Time to write data": 1476.0,
    "Active links": 123,
    "Bandwidths consumption": 3198.0,
    "Deviation": 0
   },
   "34": {
    "Selected topology": "RT",
    "Time to write data": 4212.0,
    "Active links": 234,
    "Bandwidths consumption": 5850.0,
    "Deviation": 0
   },
   "35": {
    "Selected topology": "MST",
    "Time to write data": 3402.0,
    "Active links": 243,
    "Bandwidths consumption": 5589.0,
    "Deviation": 0
   },
   "36": {
    "Selected topology": "MST",
    "Time to write data": 495.0,
    "Active links": 45,
    "Bandwidths consumption": 990.0,
    "Deviation": 0
   },
   "37": {
    "Selected topology": "RT",
    "Time to write data": 714.0,
    "Active links": 51,
    "Bandwidths consumption": 1071.0,
    "Deviation": 0
   },
   "38": {
    "Selected topology": "RT",
    "Time to write data": 3132.0,
    "Active links": 174,
    "Bandwidths consumption": 4002.0,
    "Deviation": 0
   },
   "39": {
    "Selected topology": "MST",
    "Time to write data": 3135.0,
    "Active links": 165,
    "Bandwidths consumption": 4125.0,
    "Deviation": 0
   },
   "40": {
    "Selected topology": "MST",
    "Time to write data": 720.0,
    "Active links": 60,
    "Bandwidths consumption": 1440.0,
    "Deviation": 0
   },
   "41": {
    "Selected topology": "RT",
    "Time to write data": 1728.0,
    "Active links": 96,
    "Bandwidths consumption": 2496.0,
    "Deviation": 0
   },
   "42": {
    "Selected topology": "RT",
    "Time to write data": 3672.0,
    "Active links": 216,
    "Bandwidths consumption": 4968.0,
    "Deviation": 0
   },
   "43": {
    "Selected topology": "MST",
    "Time to write data": 2769.0,
    "Active links": 213,
    "Bandwidths consumption": 4899.0,
    "Deviation": 0
   },
   "44": {
    "Selected topology": "MST",
    "Time to write data": 432.0,
    "Active links": 24,
    "Bandwidths consumption": 696.0,
    "Deviation": 0
   },
   "45": {
    "Selected topology": "RT",
    "Time to write data": 2784.0,
    "Active links": 174,
    "Bandwidths consumption": 3480.0,
    "Deviation": 0
   },
   "46": {
    "Selected topology": "MST",
    "Time to write data": 2067.0,
    "Active links": 159,
    "Bandwidths consumption": 4452.0,
    "Deviation": 0
   },
   "47": {
    "Selected topology": "RT",
    "Time to write data": 1881.0,
    "Active links": 171,
    "Bandwidths consumption": 4617.0,
    "Deviation": 0
   },
   "48": {
    "Selected topology": "MST",
    "Time to write data": 1680.0,
    "Active links": 168,
    "Bandwidths consumption": 4368.0,
    "Deviation": 0
   },
   "49": {
    "Selected topology": "MST",
    "Time to write data": 780.0,
    "Active links": 78,
    "Bandwidths consumption": 1950.0,
    "Deviation": 0
   },
   "50": {
    "Selected topology": "RT",
    "Time to write data": 324.0,
    "Active links": 27,
    "Bandwidths consumption": 675.0,
    "Deviation": 0
   },
   "51": {
    "Selected topology": "RT",
    "Time to write data": 1770.0,
    "Active links": 177,
    "Bandwidths consumption": 4956.0,
    "Deviation": 0
   },
   "52": {
    "Selected topology": "MST",
    "Time to write data": 2040.0,
    "Active links": 204,
    "Bandwidths consumption": 6120.0,
    "Deviation": 0
   },
   "53": {
    "Selected topology": "MST",
    "Time to write data": 1470.0,
    "Active links": 147,
    "Bandwidths consumption": 3528.0,
    "Deviation": 0
   },
   "54": {
    "Selected topology": "RT",
    "Time to write data": 672.0,
    "Active links": 48,
    "Bandwidths consumption": 1008.0,
    "Deviation": 0
   },
   "55": {
    "Selected topology": "RT",
    "Time to write data": 1650.0,
    "Active links": 165,
    "Bandwidths consumption": 4950.0,
    "Deviation": 0
   },
   "56": {
    "Selected topology": "MST",
    "Time to write data": 3078.0,
    "Active links": 162,
    "Bandwidths consumption": 4698.0,
    "Deviation": 0
   },
   "57": {
    "Selected topology": "RT",
    "Time to write data": 1650.0,
    "Active links": 165,
    "Bandwidths consumption": 3795.0,
    "Deviation": 0
   },
   "58": {
    "Selected topology": "MST",
    "Time to write data": 4560.0,
    "Active links": 228,
    "Bandwidths consumption": 6612.0,
    "Deviation": 0
   },
   "59": {
    "Selected topology": "MST",
    "Time to write data": 1152.0,
    "Active links": 96,
    "Bandwidths consumption": 2016.0,
    "Deviation": 0
   },
   "60": {
    "Selected topology": "RT",
    "Time to write data": 486.0,
    "Active links": 27,
    "Bandwidths consumption": 729.0,
    "Deviation": 0
   },
   "61": {
    "Selected topology": "RT",
    "Time to write data": 3519.0,
    "Active links": 207,
    "Bandwidths consumption": 5382.0,
    "Deviation": 0
   },
   "62": {
    "Selected topology": "MST",
    "Time to write data": 3600.0,
    "Active links": 180,
    "Bandwidths consumption": 4500.0,
    "Deviation": 0
   },
   "63": {
    "Selected topology": "MST",
    "Time to write data": 1320.0,
    "Active links": 120,
    "Bandwidths consumption": 3600.0,
    "Deviation": 0
   },
   "64": {
    "Selected topology": "RT",
    "Time to write data": 405.0,
    "Active links": 27,
    "Bandwidths consumption": 702.0,
    "Deviation": 0
   },
   "65": {
    "Selected topology": "RT",
    "Time to write data": 2805.0,
    "Active links": 165,
    "Bandwidths consumption": 3960.0,
    "Deviation": 0
   },
   "66": {
    "Selected topology": "MST",
    "Time to write data": 2010.0,
    "Active links": 201,
    "Bandwidths consumption": 4221.0,
    "Deviation": 0
   },
   "67": {
    "Selected topology": "MST",
    "Time to write data": 360.0,
    "Active links": 36,
    "Bandwidths consumption": 828.0,
    "Deviation": 0
   },
   "68": {
    "Selected topology": "RT",
    "Time to write data": 1968.0,
    "Active links": 123,
    "Bandwidths consumption": 2460.0,
    "Deviation": 0
   },
   "69": {
    "Selected topology": "RT",
    "Time to write data": 2079.0,
    "Active links": 189,
    "Bandwidths consumption": 3780.0,
    "Deviation": 0
   },
   "70": {
    "Selected topology": "MST",
    "Time to write data": 1683.0,
    "Active links": 153,
    "Bandwidths consumption": 3366.0,
    "Deviation": 0
   },
   "71": {
    "Selected topology": "RT",
    "Time to write data": 540.0,
    "Active links": 36,
    "Bandwidths consumption": 1080.0,
    "Deviation": 0
   },
   "72": {
    "Selected topology": "RT",
    "Time to write data": 3480.0,
    "Active links": 174,
    "Bandwidths consumption": 4698.0,
    "Deviation": 0
   },
   "73": {
    "Selected topology": "MST",
    "Time to write data": 3300.0,
    "Active links": 165,
    "Bandwidths consumption": 4620.0,
    "Deviation": 0
   },
   "74": {
    "Selected topology": "MST",
    "Time to write data": 780.0,
    "Active links": 39,
    "Bandwidths consumption": 819.0,
    "Deviation": 0
   },
   "75": {
    "Selected topology": "RT",
    "Time to write data": 1824.0,
    "Active links": 114,
    "Bandwidths consumption": 2964.0,
    "Deviation": 0
   },
   "76": {
    "Selected topology": "RT",
    "Time to write data": 3120.0,
    "Active links": 156,
    "Bandwidths consumption": 3432.0,
    "Deviation": 0
   },
   "77": {
    "Selected topology": "RT",
    "Time to write data": 4233.0,
    "Active links": 249,
    "Bandwidths consumption": 4980.0,
    "Deviation": 0
   },
   "78": {
    "Selected topology": "MST",
    "Time to write data": 3720.0,
    "Active links": 186,
    "Bandwidths consumption": 5022.0,
    "Deviation": 0
   },
   "79": {
    "Selected topology": "MST",
    "Time to write data": 990.0,
    "Active links": 90,
    "Bandwidths consumption": 2070.0,
    "Deviation": 0
   },
   "80": {
    "Selected topology": "RT",
    "Time to write data": 1575.0,
    "Active links": 105,
    "Bandwidths consumption": 2205.0,
    "Deviation": 0
   },
   "81": {
    "Selected topology": "RT",
    "Time to write data": 3648.0,
    "Active links": 228,
    "Bandwidths consumption": 4788.0,
    "Deviation": 0
   },
   "82": {
    "Selected topology": "MST",
    "Time to write data": 3402.0,
    "Active links": 243,
    "Bandwidths consumption": 5103.0,
    "Deviation": 0
   },
   "83": {
    "Selected topology": "MST",
    "Time to write data": 1470.0,
    "Active links": 105,
    "Bandwidths consumption": 2415.0,
    "Deviation": 0
   },
   "84": {
    "Selected topology": "RT",
    "Time to write data": 2793.0,
    "Active links": 147,
    "Bandwidths consumption": 4410.0,
    "Deviation": 0
   },
   "85": {
    "Selected topology": "RT",
    "Time to write data": 3780.0,
    "Active links": 189,
    "Bandwidths consumption": 5292.0,
    "Deviation": 0
   },
   "86": {
    "Selected topology": "MST",
    "Time to write data": 2508.0,
    "Active links": 228,
    "Bandwidths consumption": 5244.0,
    "Deviation": 0
   },
   "87": {
    "Selected topology": "MST",
    "Time to write data": 1767.0,
    "Active links": 93,
    "Bandwidths consumption": 2511.0,
    "Deviation": 0
   },
   "88": {
    "Selected topology": "RT",
    "Time to write data": 1122.0,
    "Active links": 66,
    "Bandwidths consumption": 1716.0,
    "Deviation": 0
   },
   "89": {
    "Selected topology": "RT",
    "Time to write data": 2646.0,
    "Active links": 189,
    "Bandwidths consumption": 5292.0,
    "Deviation": 0
   },
   "90": {
    "Selected topology": "MST",
    "Time to write data": 2940.0,
    "Active links": 210,
    "Bandwidths consumption": 5250.0,
    "Deviation": 0
   },
   "91": {
    "Selected topology": "MST",
    "Time to write data": 660.0,
    "Active links": 60,
    "Bandwidths consumption": 1560.0,
    "Deviation": 0
   },
   "92": {
    "Selected topology": "RT",
    "Time to write data": 1080.0,
    "Active links": 60,
    "Bandwidths consumption": 1740.0,
    "Deviation": 0
   },
   "93": {
    "Selected topology": "RT",
    "Time to write data": 2964.0,
    "Active links": 228,
    "Bandwidths consumption": 6840.0,
    "Deviation": 0
   },
   "94": {
    "Selected topology": "MST",
    "Time to write data": 3078.0,
    "Active links": 162,
    "Bandwidths consumption": 3564.0,
    "Deviation": 0
   },
   "95": {
    "Selected topology": "RT",
    "Time to write data": 867.0,
    "Active links": 51,
    "Bandwidths consumption": 1530.0,
    "Deviation": 0
   },
   "96": {
    "Selected topology": "RT",
    "Time to write data": 3600.0,
    "Active links": 180,
    "Bandwidths consumption": 3600.0,
    "Deviation": 0
   },
   "97": {
    "Selected topology": "MST",
    "Time to write data": 2691.0,
    "Active links": 207,
    "Bandwidths consumption": 5796.0,
    "Deviation": 0
   },
   "98": {
    "Selected topology": "MST",
    "Time to write data": 3420.0,
    "Active links": 171,
    "Bandwidths consumption": 4959.0,
    "Deviation": 0
   },
   "99": {
    "Selected topology": "MST",
    "Time to write data": 1353.0,
    "Active links": 123,
    "Bandwidths consumption": 3075.0,
    "Deviation": 0
   }
  }
 }
}